"Date","Price","Open","High","Low","Vol.","Change %"
"04/01/2026","1,861.84","1,829.59","1,872.80","1,829.59","324.88M","1.76%"
"03/31/2026","1,829.59","1,811.92","1,834.79","1,803.74","323.36M","0.98%"
"03/30/2026","1,811.92","1,821.53","1,824.82","1,778.32","299.90M","-0.53%"
"03/27/2026","1,821.53","1,791.25","1,825.60","1,787.02","280.16M","1.69%"
"03/26/2026","1,791.25","1,814.73","1,831.54","1,784.38","248.80M","-1.29%"
"03/25/2026","1,814.73","1,770.16","1,815.19","1,770.16","304.49M","2.52%"
"03/24/2026","1,770.16","1,741.05","1,794.61","1,741.05","267.82M","1.67%"
"03/23/2026","1,741.05","1,797.99","1,797.99","1,737.11","430.76M","-3.17%"
"03/20/2026","1,797.99","1,854.19","1,854.19","1,776.46","366.66M","-3.03%"
"03/19/2026","1,854.19","1,868.84","1,868.84","1,832.83","374.57M","-0.78%"
"03/18/2026","1,868.84","1,873.65","1,901.76","1,851.19","296.87M","-0.26%"
"03/17/2026","1,873.65","1,852.99","1,901.94","1,852.99","262.44M","1.11%"
"03/16/2026","1,852.99","1,853.60","1,863.80","1,841.70","279.63M","-0.03%"
"03/13/2026","1,853.60","1,859.80","1,874.42","1,839.49","329.39M","-0.33%"
"03/12/2026","1,859.80","1,889.94","1,895.39","1,851.20","380.81M","-1.59%"
"03/11/2026","1,889.94","1,836.96","1,894.44","1,836.96","392.46M","2.88%"
"03/10/2026","1,836.96","1,780.71","1,859.21","1,771.29","623.62M","3.16%"
"03/09/2026","1,780.71","1,904.19","1,904.19","1,773.41","736.22M","-6.48%"
"03/06/2026","1,904.19","1,942.76","1,942.76","1,901.45","416.88M","-1.99%"
"03/05/2026","1,942.76","1,956.53","1,985.71","1,937.53","434.12M","-0.70%"
"03/04/2026","1,956.53","1,959.35","1,971.38","1,902.57","608.87M","-0.14%"
"03/03/2026","1,959.35","2,010.75","2,019.60","1,953.39","528.77M","-2.56%"
"03/02/2026","2,010.75","2,061.75","2,061.75","1,966.54","624.91M","-2.47%"
"02/27/2026","2,061.75","2,069.82","2,077.35","2,047.50","319.90M","-0.39%"
"02/26/2026","2,069.82","2,049.64","2,073.31","2,049.64","339.49M","0.98%"
"02/25/2026","2,049.64","2,050.85","2,066.80","2,044.83","618.64M","-0.06%"
"02/24/2026","2,050.85","2,039.80","2,050.85","2,026.87","464.50M","0.54%"
"02/23/2026","2,039.80","2,018.64","2,044.96","2,018.64","307.48M","1.05%"
"02/13/2026","2,018.64","2,016.47","2,027.18","1,997.23","259.62M","0.11%"
"02/12/2026","2,016.47","2,000.90","2,018.94","2,000.90","216.18M","0.78%"
"02/11/2026","2,000.90","1,951.58","2,005.42","1,951.58","420.59M","2.53%"
"02/10/2026","1,951.58","1,947.75","1,970.10","1,935.90","359.46M","0.20%"
"02/09/2026","1,947.75","1,943.60","1,961.86","1,943.60","238.18M","0.21%"
"02/06/2026","1,943.60","1,969.27","1,969.27","1,937.66","482.23M","-1.30%"
"02/05/2026","1,969.27","1,988.19","1,995.69","1,969.27","327.38M","-0.95%"
"02/04/2026","1,988.19","1,997.69","2,003.26","1,974.34","469.72M","-0.48%"
"02/03/2026","1,997.69","2,004.31","2,018.35","1,991.13","399.25M","-0.33%"
"02/02/2026","2,004.31","2,029.81","2,035.72","1,971.28","379.36M","-1.26%"
"01/30/2026","2,029.81","2,018.98","2,033.32","1,996.29","375.00M","0.54%"
"01/29/2026","2,018.98","1,997.13","2,018.98","1,982.32","307.75M","1.09%"
"01/28/2026","1,997.13","2,019.88","2,031.76","1,987.47","391.08M","-1.13%"
"01/27/2026","2,019.88","2,032.28","2,036.82","2,010.57","317.60M","-0.61%"
"01/26/2026","2,032.28","2,077.76","2,089.09","2,024.23","393.81M","-2.19%"
"01/23/2026","2,077.76","2,082.35","2,102.77","2,070.80","369.57M","-0.22%"
"01/22/2026","2,082.35","2,080.38","2,099.52","2,063.25","357.02M","0.09%"
"01/21/2026","2,080.38","2,085.61","2,090.97","2,060.49","450.28M","-0.25%"
"01/20/2026","2,085.61","2,094.24","2,112.71","2,074.76","467.56M","-0.41%"
"01/19/2026","2,094.24","2,080.35","2,106.49","2,077.61","358.77M","0.67%"
"01/16/2026","2,080.35","2,047.48","2,098.66","2,040.48","453.21M","1.61%"
"01/15/2026","2,047.48","2,067.10","2,068.04","2,021.64","589.03M","-0.95%"
"01/14/2026","2,067.10","2,089.21","2,101.54","2,045.61","612.85M","-1.06%"
"01/13/2026","2,089.21","2,080.24","2,100.62","2,056.22","573.62M","0.43%"
"01/12/2026","2,080.24","2,066.21","2,082.02","2,053.50","671.70M","0.68%"
"01/09/2026","2,066.21","2,074.03","2,090.50","2,047.91","555.46M","-0.38%"
"01/08/2026","2,074.03","2,096.76","2,121.13","2,066.72","612.34M","-1.08%"
"01/07/2026","2,096.76","2,055.96","2,096.76","2,054.45","508.92M","1.98%"
"01/06/2026","2,055.96","2,028.68","2,058.90","2,022.60","434.75M","1.34%"
"01/05/2026","2,028.68","2,030.63","2,039.46","2,007.67","367.41M","-0.10%"
"12/31/2025","2,030.63","2,009.70","2,031.61","1,994.15","293.32M","1.04%"
"12/30/2025","2,009.70","1,990.66","2,009.89","1,975.19","289.99M","0.96%"
"12/29/2025","1,990.66","1,965.97","1,992.03","1,965.71","234.92M","1.26%"
"12/26/2025","1,965.97","1,976.21","1,976.21","1,914.65","477.13M","-0.52%"
"12/25/2025","1,976.21","2,023.13","2,049.15","1,976.21","291.28M","-2.32%"
"12/24/2025","2,023.13","2,012.87","2,036.61","1,994.66","358.92M","0.51%"
"12/23/2025","2,012.87","1,985.28","2,021.36","1,985.28","343.25M","1.39%"
"12/22/2025","1,985.28","1,933.28","1,985.28","1,933.28","368.17M","2.69%"
"12/19/2025","1,933.28","1,903.47","1,937.41","1,901.72","294.00M","1.57%"
"12/18/2025","1,903.47","1,897.95","1,903.47","1,885.01","231.39M","0.29%"
"12/17/2025","1,897.95","1,909.87","1,916.02","1,864.74","208.20M","-0.62%"
"12/16/2025","1,909.87","1,869.84","1,920.11","1,850.51","313.05M","2.14%"
"12/15/2025","1,869.84","1,867.03","1,889.48","1,856.31","239.07M","0.15%"
"12/12/2025","1,867.03","1,924.29","1,932.24","1,852.87","327.88M","-2.98%"
"12/11/2025","1,924.29","1,946.98","1,949.77","1,918.49","202.67M","-1.17%"
"12/10/2025","1,946.98","1,973.02","1,976.81","1,939.95","217.82M","-1.32%"
"12/09/2025","1,973.02","1,983.82","2,001.61","1,951.79","395.27M","-0.54%"
"12/08/2025","1,983.82","1,975.50","2,001.28","1,975.50","248.14M","0.42%"
"12/05/2025","1,975.50","1,979.53","2,000.75","1,967.50","277.95M","-0.20%"
"12/04/2025","1,979.53","1,971.99","1,986.17","1,965.46","351.82M","0.38%"
"12/03/2025","1,971.99","1,950.12","1,983.06","1,940.62","397.13M","1.12%"
"12/02/2025","1,950.12","1,933.56","1,953.08","1,920.23","285.65M","0.86%"
"12/01/2025","1,933.56","1,923.92","1,945.50","1,923.92","226.35M","0.50%"
"11/28/2025","1,923.92","1,921.18","1,931.28","1,911.64","226.28M","0.14%"
"11/27/2025","1,921.18","1,923.55","1,935.02","1,917.10","224.18M","-0.12%"
"11/26/2025","1,923.55","1,909.60","1,927.38","1,908.56","291.18M","0.73%"
"11/25/2025","1,909.60","1,916.36","1,932.62","1,902.12","311.64M","-0.35%"
"11/24/2025","1,916.36","1,899.89","1,925.79","1,899.89","229.50M","0.87%"
"11/21/2025","1,899.89","1,897.46","1,902.41","1,873.35","254.68M","0.13%"
"11/20/2025","1,897.46","1,886.20","1,904.44","1,883.22","261.84M","0.60%"
"11/19/2025","1,886.20","1,898.07","1,901.05","1,880.18","287.56M","-0.63%"
"11/18/2025","1,898.07","1,893.54","1,899.15","1,875.90","260.08M","0.24%"
"11/17/2025","1,893.54","1,871.54","1,894.54","1,868.11","248.56M","1.18%"
"11/14/2025","1,871.54","1,864.23","1,875.71","1,852.53","242.43M","0.39%"
"11/13/2025","1,864.23","1,872.27","1,878.20","1,853.56","253.63M","-0.43%"
"11/12/2025","1,872.27","1,821.60","1,872.31","1,821.60","300.64M","2.78%"
"11/11/2025","1,821.60","1,804.18","1,832.01","1,803.64","280.07M","0.97%"
"11/10/2025","1,804.18","1,824.71","1,844.44","1,804.11","278.15M","-1.13%"
"11/07/2025","1,824.71","1,869.60","1,874.16","1,817.93","395.07M","-2.40%"
"11/06/2025","1,869.60","1,886.47","1,890.96","1,866.91","233.04M","-0.89%"
"11/05/2025","1,886.47","1,897.71","1,908.02","1,876.57","234.52M","-0.59%"
"11/04/2025","1,897.71","1,857.64","1,908.55","1,843.43","459.23M","2.16%"
"11/03/2025","1,857.64","1,885.36","1,903.21","1,854.09","381.04M","-1.47%"
"10/31/2025","1,885.36","1,925.18","1,932.28","1,863.53","291.31M","-2.07%"
"10/30/2025","1,925.18","1,949.76","1,956.25","1,914.28","292.32M","-1.26%"
"10/29/2025","1,949.76","1,949.28","1,972.04","1,940.00","371.88M","0.02%"
"10/28/2025","1,949.28","1,900.76","1,949.51","1,871.72","393.61M","2.55%"
"10/27/2025","1,900.76","1,944.60","1,962.31","1,900.35","413.95M","-2.25%"
"10/24/2025","1,944.60","1,945.78","1,954.65","1,913.93","437.07M","-0.06%"
"10/23/2025","1,945.78","1,930.88","1,962.13","1,918.70","318.04M","0.77%"
"10/22/2025","1,930.88","1,915.90","1,955.93","1,870.27","379.40M","0.78%"
"10/21/2025","1,915.90","1,870.86","1,933.22","1,839.08","671.68M","2.41%"
"10/20/2025","1,870.86","1,977.14","1,977.14","1,868.69","777.47M","-5.38%"
"10/17/2025","1,977.14","2,022.27","2,043.09","1,969.29","527.12M","-2.23%"
"10/16/2025","2,022.27","2,009.64","2,025.76","2,004.24","416.43M","0.63%"
"10/15/2025","2,009.64","2,013.69","2,037.76","1,996.97","520.49M","-0.20%"
"10/14/2025","2,013.69","2,012.28","2,055.85","2,001.38","658.85M","0.07%"
"10/13/2025","2,012.28","1,980.57","2,013.81","1,933.94","574.69M","1.60%"
"10/10/2025","1,980.57","1,940.89","1,980.57","1,940.89","463.54M","2.04%"
"10/09/2025","1,940.89","1,922.95","1,946.78","1,920.87","570.44M","0.93%"
"10/08/2025","1,922.95","1,909.65","1,970.59","1,906.09","467.40M","0.70%"
"10/07/2025","1,909.65","1,918.97","1,941.27","1,896.90","345.88M","-0.49%"
"10/06/2025","1,918.97","1,859.51","1,918.97","1,858.23","523.68M","3.20%"
"10/03/2025","1,859.51","1,859.80","1,869.93","1,848.03","323.46M","-0.02%"
"10/02/2025","1,859.80","1,870.63","1,891.20","1,851.47","322.46M","-0.58%"
"10/01/2025","1,870.63","1,863.13","1,878.45","1,858.50","263.18M","0.40%"
"09/30/2025","1,863.13","1,862.23","1,880.90","1,841.40","390.49M","0.05%"
"09/29/2025","1,862.23","1,852.65","1,870.38","1,837.71","312.08M","0.52%"
"09/26/2025","1,852.65","1,858.67","1,865.67","1,841.40","297.70M","-0.32%"
"09/25/2025","1,858.67","1,853.48","1,868.11","1,842.70","287.01M","0.28%"
"09/24/2025","1,853.48","1,821.45","1,853.55","1,801.03","472.64M","1.76%"
"09/23/2025","1,821.45","1,819.60","1,835.37","1,806.46","339.79M","0.10%"
"09/22/2025","1,819.60","1,859.53","1,867.50","1,801.57","473.63M","-2.15%"
"09/19/2025","1,859.53","1,861.74","1,874.40","1,838.21","370.11M","-0.12%"
"09/18/2025","1,861.74","1,868.85","1,879.52","1,833.16","371.25M","-0.38%"
"09/17/2025","1,868.85","1,875.39","1,884.67","1,859.36","435.57M","-0.35%"
"09/16/2025","1,875.39","1,876.75","1,893.36","1,864.51","558.54M","-0.07%"
"09/15/2025","1,876.75","1,865.45","1,876.75","1,857.47","489.16M","0.61%"
"09/12/2025","1,865.45","1,855.08","1,880.79","1,843.87","393.56M","0.56%"
"09/11/2025","1,855.08","1,828.63","1,860.19","1,785.47","520.64M","1.45%"
"09/10/2025","1,828.63","1,825.17","1,845.53","1,811.28","352.32M","0.19%"
"09/09/2025","1,825.17","1,807.22","1,825.17","1,795.82","428.77M","0.99%"
"09/08/2025","1,807.22","1,845.48","1,849.12","1,804.60","743.80M","-2.07%"
"09/05/2025","1,845.48","1,883.59","1,901.66","1,838.57","650.75M","-2.02%"
"09/04/2025","1,883.59","1,859.59","1,883.96","1,850.15","540.57M","1.29%"
"09/03/2025","1,859.59","1,865.38","1,876.63","1,846.08","529.94M","-0.31%"
"08/29/2025","1,865.38","1,861.20","1,890.36","1,855.28","635.73M","0.22%"
"08/28/2025","1,861.20","1,848.55","1,866.18","1,831.79","526.44M","0.68%"
"08/27/2025","1,848.55","1,849.05","1,877.27","1,841.13","633.61M","-0.03%"
"08/26/2025","1,849.05","1,783.12","1,850.00","1,769.54","568.35M","3.70%"
"08/25/2025","1,783.12","1,814.02","1,835.85","1,774.84","697.78M","-1.70%"
"08/22/2025","1,814.02","1,874.91","1,882.23","1,794.97","967.40M","-3.25%"
"08/21/2025","1,874.91","1,828.46","1,881.90","1,828.46","751.15M","2.54%"
"08/20/2025","1,828.46","1,810.46","1,833.84","1,768.90","906.98M","0.99%"
"08/19/2025","1,810.46","1,786.37","1,824.81","1,786.37","661.47M","1.35%"
"08/18/2025","1,786.37","1,783.25","1,797.37","1,774.47","565.20M","0.17%"
"08/15/2025","1,783.25","1,793.78","1,827.89","1,763.88","789.10M","-0.59%"
"08/14/2025","1,793.78","1,753.71","1,793.84","1,753.71","773.22M","2.28%"
"08/13/2025","1,753.71","1,755.25","1,768.78","1,726.89","684.71M","-0.09%"
"08/12/2025","1,755.25","1,741.90","1,756.72","1,737.42","543.59M","0.77%"
"08/11/2025","1,741.90","1,729.08","1,748.67","1,726.91","610.89M","0.74%"
"08/08/2025","1,729.08","1,734.85","1,745.88","1,707.90","655.36M","-0.33%"
"08/07/2025","1,734.85","1,723.31","1,742.12","1,715.54","644.63M","0.67%"
"08/06/2025","1,723.31","1,690.43","1,726.58","1,690.43","542.14M","1.95%"
"08/05/2025","1,690.43","1,653.22","1,730.14","1,653.22","1.15B","2.25%"
"08/04/2025","1,653.22","1,614.11","1,653.22","1,607.13","451.25M","2.42%"
"08/01/2025","1,614.11","1,615.23","1,621.64","1,584.98","506.72M","-0.07%"
"07/31/2025","1,615.23","1,630.78","1,646.75","1,602.17","643.19M","-0.95%"
"07/30/2025","1,630.78","1,621.29","1,642.67","1,606.54","616.03M","0.59%"
"07/29/2025","1,621.29","1,695.63","1,702.30","1,616.64","856.06M","-4.38%"
"07/28/2025","1,695.63","1,669.33","1,697.14","1,664.85","646.73M","1.58%"
"07/25/2025","1,669.33","1,661.23","1,675.26","1,655.36","427.37M","0.49%"
"07/24/2025","1,661.23","1,653.01","1,663.39","1,637.98","535.69M","0.50%"
"07/23/2025","1,653.01","1,655.98","1,669.14","1,650.04","491.74M","-0.18%"
"07/22/2025","1,655.98","1,628.06","1,655.98","1,616.16","409.86M","1.71%"
"07/21/2025","1,628.06","1,643.91","1,663.16","1,621.19","488.74M","-0.96%"
"07/18/2025","1,643.91","1,634.70","1,648.18","1,625.83","459.98M","0.56%"
"07/17/2025","1,634.70","1,614.42","1,641.97","1,614.42","425.58M","1.26%"
"07/16/2025","1,614.42","1,593.84","1,614.63","1,587.92","347.23M","1.29%"
"07/15/2025","1,593.84","1,605.66","1,614.13","1,593.45","442.34M","-0.74%"
"07/14/2025","1,605.66","1,594.01","1,616.99","1,580.80","393.37M","0.73%"
"07/11/2025","1,594.01","1,569.34","1,601.03","1,567.30","455.69M","1.57%"
"07/10/2025","1,569.34","1,543.27","1,569.40","1,543.27","433.76M","1.69%"
"07/09/2025","1,543.27","1,529.27","1,544.67","1,526.77","594.93M","0.92%"
"07/08/2025","1,529.27","1,508.66","1,529.72","1,508.66","435.18M","1.37%"
"07/07/2025","1,508.66","1,488.77","1,509.81","1,488.77","568.94M","1.34%"
"07/04/2025","1,488.77","1,481.20","1,489.54","1,477.29","248.57M","0.51%"
"07/03/2025","1,481.20","1,482.76","1,493.99","1,477.37","423.63M","-0.11%"
"07/02/2025","1,482.76","1,476.16","1,483.02","1,468.49","246.30M","0.45%"
"07/01/2025","1,476.16","1,477.56","1,483.86","1,466.97","255.66M","-0.09%"
"06/30/2025","1,477.56","1,475.89","1,481.58","1,472.16","212.32M","0.11%"
"06/27/2025","1,475.89","1,463.57","1,477.89","1,459.93","281.20M","0.84%"
"06/26/2025","1,463.57","1,465.36","1,475.07","1,458.98","229.00M","-0.12%"
"06/25/2025","1,465.36","1,462.80","1,470.76","1,460.42","293.89M","0.18%"
"06/24/2025","1,462.80","1,448.32","1,469.01","1,448.32","327.79M","1.00%"
"06/23/2025","1,448.32","1,435.19","1,448.54","1,418.81","241.05M","0.91%"
"06/20/2025","1,435.19","1,439.30","1,443.79","1,423.77","339.88M","-0.29%"
"06/19/2025","1,439.30","1,432.99","1,442.46","1,426.41","252.57M","0.44%"
"06/18/2025","1,432.99","1,431.39","1,439.70","1,425.74","275.32M","0.11%"
"06/17/2025","1,431.39","1,420.35","1,440.59","1,420.14","268.92M","0.78%"
"06/16/2025","1,420.35","1,401.20","1,421.27","1,382.20","310.35M","1.37%"
"06/13/2025","1,401.20","1,412.16","1,419.67","1,385.02","398.36M","-0.78%"
"06/12/2025","1,412.16","1,405.15","1,418.41","1,392.50","356.73M","0.50%"
"06/11/2025","1,405.15","1,404.82","1,411.95","1,390.90","167.50M","0.02%"
"06/10/2025","1,404.82","1,396.56","1,414.89","1,381.43","246.26M","0.59%"
"06/09/2025","1,396.56","1,418.97","1,418.97","1,394.12","221.09M","-1.58%"
"06/06/2025","1,418.97","1,432.38","1,437.24","1,412.69","280.48M","-0.94%"
"06/05/2025","1,432.38","1,435.28","1,437.28","1,423.41","208.36M","-0.20%"
"06/04/2025","1,435.28","1,437.87","1,442.87","1,429.48","268.87M","-0.18%"
"06/03/2025","1,437.87","1,423.04","1,442.55","1,423.04","344.39M","1.04%"
"06/02/2025","1,423.04","1,423.68","1,424.75","1,407.73","256.37M","-0.04%"
"05/30/2025","1,423.68","1,431.57","1,436.22","1,417.98","324.40M","-0.55%"
"05/29/2025","1,431.57","1,432.19","1,438.03","1,424.02","291.80M","-0.04%"
"05/28/2025","1,432.19","1,427.45","1,436.99","1,427.02","263.00M","0.33%"
"05/27/2025","1,427.45","1,423.85","1,430.82","1,418.76","349.86M","0.25%"
"05/26/2025","1,423.85","1,409.40","1,424.01","1,374.60","332.34M","1.03%"
"05/23/2025","1,409.40","1,409.56","1,415.97","1,400.83","222.89M","-0.01%"
"05/22/2025","1,409.56","1,419.36","1,432.84","1,407.92","366.30M","-0.69%"
"05/21/2025","1,419.36","1,407.52","1,429.43","1,407.52","410.89M","0.84%"
"05/20/2025","1,407.52","1,379.75","1,408.56","1,379.75","368.20M","2.01%"
"05/19/2025","1,379.75","1,384.44","1,391.24","1,371.05","341.01M","-0.34%"
"05/16/2025","1,384.44","1,401.49","1,404.13","1,382.93","303.99M","-1.22%"
"05/15/2025","1,401.49","1,397.87","1,403.70","1,384.67","564.16M","0.26%"
"05/14/2025","1,397.87","1,382.78","1,400.10","1,375.35","431.69M","1.09%"
"05/13/2025","1,382.78","1,372.04","1,384.01","1,370.29","370.01M","0.78%"
"05/12/2025","1,372.04","1,352.25","1,374.68","1,352.03","449.41M","1.46%"
"05/09/2025","1,352.25","1,351.10","1,363.62","1,348.13","269.93M","0.09%"
"05/08/2025","1,351.10","1,324.80","1,354.08","1,324.80","324.45M","1.99%"
"05/07/2025","1,324.80","1,319.66","1,325.94","1,316.27","241.65M","0.39%"
"05/06/2025","1,319.66","1,320.41","1,331.08","1,316.18","275.53M","-0.06%"
"05/05/2025","1,320.41","1,309.73","1,321.68","1,309.43","206.96M","0.82%"
"04/29/2025","1,309.73","1,310.40","1,312.88","1,304.74","221.96M","-0.20%"
"04/28/2025","1,312.32","1,318.09","1,321.38","1,305.51","218.43M","-0.37%"
"04/25/2025","1,317.18","1,312.59","1,318.66","1,304.50","384.63M","0.42%"
"04/24/2025","1,311.66","1,306.43","1,313.93","1,297.21","291.87M","0.66%"
"04/23/2025","1,303.04","1,300.25","1,311.72","1,295.69","347.06M","0.98%"
"04/22/2025","1,290.38","1,287.55","1,292.67","1,216.35","641.37M","-0.30%"
"04/21/2025","1,294.29","1,305.81","1,310.59","1,287.02","327.06M","-0.91%"
"04/18/2025","1,306.24","1,313.42","1,322.26","1,306.24","409.58M","0.25%"
"04/17/2025","1,303.03","1,286.11","1,304.47","1,283.47","278.74M","0.76%"
"04/16/2025","1,293.25","1,310.07","1,318.86","1,288.06","286.71M","-1.34%"
"04/15/2025","1,310.76","1,314.30","1,329.99","1,303.29","384.97M","-1.14%"
"04/14/2025","1,325.87","1,318.17","1,329.06","1,310.63","393.92M","1.22%"
"04/11/2025","1,309.94","1,268.12","1,310.02","1,265.26","742.99M","4.85%"
"04/10/2025","1,249.29","1,248.92","1,249.29","1,248.10","55.37M","6.90%"
"04/09/2025","1,168.68","1,182.91","1,220.73","1,133.90","667.41M","-2.41%"
"04/08/2025","1,197.51","1,241.58","1,245.51","1,193.47","557.83M","-6.48%"
"04/04/2025","1,280.52","1,269.06","1,280.52","1,208.42","867.53M","-0.21%"
"04/03/2025","1,283.18","1,342.46","1,342.46","1,282.99","810.57M","-6.81%"
"04/02/2025","1,376.94","1,381.03","1,384.38","1,376.54","236.67M","0.00%"
"04/01/2025","1,376.91","1,369.18","1,376.91","1,363.60","212.16M","0.96%"